{
  "x": [
    0,
    1,
    2,
    3,
    4,
    5,
    6,
    7,
    8,
    9
  ],
  "y": [
    1.0,
    0.7527397438033054,
    0.5601732626548834,
    0.41020233634318737,
    0.2934048614936946,
    0.20244289662014694,
    0.13160164714691436,
    0.07643042658340408,
    0.033463036805537104,
    0.0
  ],
  "description": "exp decrease (scale = 0.25)"
}