{
  "x": [
    0,
    1,
    2,
    3,
    4,
    5,
    6,
    7,
    8,
    9
  ],
  "y": [
    0.0,
    0.5282519667214622,
    0.7777805272203405,
    0.8956494731536235,
    0.9513268208193454,
    0.9776269376019654,
    0.9900502331032578,
    0.9959185823728862,
    0.9986905942876608,
    1.0
  ],
  "description": "inv exp increase (scale = 0.75)"
}