{
  "x": [
    0,
    1,
    2,
    3,
    4,
    5,
    6,
    7,
    8,
    9
  ],
  "y": [
    0.0,
    0.033463036805537076,
    0.07643042658340408,
    0.13160164714691436,
    0.2024428966201469,
    0.2934048614936946,
    0.4102023363431873,
    0.5601732626548833,
    0.7527397438033053,
    1.0
  ],
  "description": "exp increase (scale = 0.25)"
}