{
  "x": [
    0,
    1,
    2,
    3,
    4,
    5,
    6,
    7,
    8,
    9
  ],
  "y": [
    0.0,
    0.0013094057123391096,
    0.004081417627113735,
    0.009949766896742152,
    0.022373062398034483,
    0.048673179180654516,
    0.1043505268463764,
    0.2222194727796593,
    0.47174803327853765,
    1.0
  ],
  "description": "exp increase (scale = 0.75)"
}