{
  "x": [
    0,
    1,
    2,
    3,
    4,
    5,
    6,
    7,
    8,
    9
  ],
  "y": [
    1.0,
    0.6666666666666666,
    0.6666666666666666,
    0.6666666666666666,
    0.33333333333333337,
    0.33333333333333337,
    0.33333333333333337,
    0.0,
    0.0,
    0.0
  ],
  "description": "Step decrease (stepsize = 3)"
}