{
  "x": [
    0,
    1,
    2,
    3,
    4,
    5,
    6,
    7,
    8,
    9
  ],
  "y": [
    1.0,
    0.8,
    0.8,
    0.6,
    0.6,
    0.4,
    0.4,
    0.19999999999999996,
    0.19999999999999996,
    0.0
  ],
  "description": "Step decrease (stepsize = 2)"
}