{
  "x": [
    0.41848734476774474,
    0.7218928021388656,
    1.8484749760000954,
    2.87804350587622,
    3.478798422891663,
    4.313695154901459,
    4.866952336081519,
    5.417663029061678,
    7.502514927074326,
    9.0
  ],
  "y": [
    0.5,
    0.5,
    0.5,
    0.5,
    0.5,
    0.5,
    0.5,
    0.5,
    0.5,
    0.5
  ],
  "description": "Clustered Left"
}