{
  "x": [
    8.278288002255215,
    8.350114600459936,
    8.429368335742979,
    8.547226172458814,
    8.667277185784405,
    8.708012723935505,
    8.765452167619081,
    8.817104009272233,
    8.85290173213745,
    9.0
  ],
  "y": [
    0.5,
    0.5,
    0.5,
    0.5,
    0.5,
    0.5,
    0.5,
    0.5,
    0.5,
    0.5
  ],
  "description": "Clustered Right"
}