{
  "x": [
    0.2483227142009509,
    2.81700010413676,
    6.184470596501377,
    6.273918543369807,
    6.869981514864217,
    7.164056579180475,
    7.168126348593639,
    7.37290221595798,
    8.665594626963044,
    9.0
  ],
  "y": [
    0.5,
    0.5,
    0.5,
    0.5,
    0.5,
    0.5,
    0.5,
    0.5,
    0.5,
    0.5
  ],
  "description": "Dense Center"
}