{
  "x": [
    0.03041142803028284,
    0.13265546919044718,
    0.25538640735941076,
    0.4309747203130295,
    0.49095563189741875,
    0.49339189851730003,
    0.8355912087174935,
    7.818226770961307,
    8.019815305685945,
    9.0
  ],
  "y": [
    0.5,
    0.5,
    0.5,
    0.5,
    0.5,
    0.5,
    0.5,
    0.5,
    0.5,
    0.5
  ],
  "description": "Left Dense, Right Sparse"
}