{
  "x": [
    0.5536951747116046,
    0.800219580130671,
    1.3629156380922687,
    8.18129450952179,
    8.190253435022177,
    8.533648336290033,
    8.713459971780829,
    8.785561082135004,
    8.993529398664228,
    9.0
  ],
  "y": [
    0.5,
    0.5,
    0.5,
    0.5,
    0.5,
    0.5,
    0.5,
    0.5,
    0.5,
    0.5
  ],
  "description": "Right Dense, Left Sparse"
}