{
  "x": [
    0.19524990218241284,
    0.4598338847516381,
    0.5467348126246419,
    1.7531880417634353,
    1.828884246207536,
    7.482036176211627,
    7.804786149552341,
    8.646115006562637,
    8.721594036580905,
    9.0
  ],
  "y": [
    0.5,
    0.5,
    0.5,
    0.5,
    0.5,
    0.5,
    0.5,
    0.5,
    0.5,
    0.5
  ],
  "description": "Two Clusters (Left & Right)"
}