{
  "x": [
    0.0,
    1.0,
    2.0,
    2.9999999999999996,
    4.0,
    5.0,
    5.999999999999999,
    7.0,
    8.0,
    9.0
  ],
  "y": [
    0.5,
    0.5,
    0.5,
    0.5,
    0.5,
    0.5,
    0.5,
    0.5,
    0.5,
    0.5
  ],
  "description": "Linear Increasing"
}