{
  "x": [
    0,
    1,
    2,
    3,
    4,
    5,
    6,
    7,
    8,
    9
  ],
  "y": [
    0.0,
    0.11111111111111112,
    0.22222222222222224,
    0.33333333333333337,
    0.4444444444444445,
    0.5555555555555556,
    0.6666666666666667,
    0.7777777777777778,
    0.888888888888889,
    1.0
  ],
  "description": "linear increase"
}