{
  "x": [
    0.26019849521733235,
    0.38508853004187216,
    0.5226987514449213,
    0.560714147836741,
    0.8490389090417504,
    8.756247755320478,
    8.778250349746216,
    8.901389773623752,
    8.95226104690997,
    9.0
  ],
  "y": [
    0.5,
    0.5,
    0.5,
    0.5,
    0.5,
    0.5,
    0.5,
    0.5,
    0.5,
    0.5
  ],
  "description": "Dense in Corners"
}