{
  "x": [
    0.0,
    0.22499999999999998,
    0.44999999999999996,
    1.3499999999999999,
    2.6999999999999997,
    4.5,
    9.0
  ],
  "y": [
    0.5,
    0.5,
    0.5,
    0.5,
    0.5,
    0.5,
    0.5
  ],
  "description": "left dense 1"
}