{
  "x": [
    0.0,
    4.5,
    6.3,
    7.6499999999999995,
    8.549999999999999,
    8.775,
    9.0
  ],
  "y": [
    0.5,
    0.5,
    0.5,
    0.5,
    0.5,
    0.5,
    0.5
  ],
  "description": "right dense 1"
}