{
  "x": [
    0.0,
    0.08999999999999968,
    0.17999999999999935,
    4.319999999999999,
    4.41,
    4.59,
    8.549999999999999,
    8.775,
    9.0
  ],
  "y": [
    0.5,
    0.5,
    0.5,
    0.5,
    0.5,
    0.5,
    0.5,
    0.5,
    0.5
  ],
  "description": "clusters dense 1"
}